,timestamp,close
0,2017-12-20,40.45
1,2017-12-19,41.04
2,2017-12-18,41.71
3,2017-12-15,41.7
4,2017-12-14,42.41
5,2017-12-13,42.05
6,2017-12-12,42.37
7,2017-12-11,42.21
8,2017-12-08,41.0
9,2017-12-07,40.83
10,2017-12-06,40.17
11,2017-12-05,40.16
12,2017-12-04,40.41
13,2017-12-01,41.1
14,2017-11-30,40.92
15,2017-11-29,38.84
16,2017-11-28,39.35
17,2017-11-27,39.54
18,2017-11-24,40.0
19,2017-11-22,40.25
20,2017-11-21,40.15
21,2017-11-20,40.65
22,2017-11-17,40.85
23,2017-11-16,41.46
24,2017-11-15,40.61
25,2017-11-14,40.1
26,2017-11-13,40.05
27,2017-11-10,40.95
28,2017-11-09,42.02
29,2017-11-08,41.64
30,2017-11-07,42.69
31,2017-11-06,42.99
32,2017-11-03,42.64
33,2017-11-02,43.29
34,2017-11-01,43.67
35,2017-10-31,43.12
36,2017-10-30,42.79
37,2017-10-27,42.47
38,2017-10-26,41.21
39,2017-10-25,41.48
40,2017-10-24,42.31
41,2017-10-23,42.39
42,2017-10-20,42.83
43,2017-10-19,43.46
44,2017-10-18,43.49
45,2017-10-17,43.97
46,2017-10-16,44.38
47,2017-10-13,44.68
48,2017-10-12,44.95
49,2017-10-11,45.14
50,2017-10-10,45.04
51,2017-10-09,45.1
52,2017-10-06,45.49
53,2017-10-05,45.46
54,2017-10-04,44.77
55,2017-10-03,44.78
56,2017-10-02,44.65
57,2017-09-29,44.38
58,2017-09-28,43.85
59,2017-09-27,44.12
60,2017-09-26,44.53
61,2017-09-25,44.84
62,2017-09-22,43.83
63,2017-09-21,43.55
64,2017-09-20,43.78
65,2017-09-19,44.3
66,2017-09-18,44.42
67,2017-09-15,44.4
68,2017-09-14,44.5
69,2017-09-13,44.45
70,2017-09-12,44.38
71,2017-09-11,44.15
72,2017-09-08,43.9
73,2017-09-07,44.32
74,2017-09-06,44.59
75,2017-09-05,44.27
76,2017-09-01,44.33
77,2017-08-31,44.33
78,2017-08-30,43.7
79,2017-08-29,43.89
80,2017-08-28,43.62
81,2017-08-25,43.58
82,2017-08-24,43.45
83,2017-08-23,43.54
84,2017-08-22,43.11
85,2017-08-21,42.56
86,2017-08-18,43.44
87,2017-08-17,43.52
88,2017-08-16,43.38
89,2017-08-15,43.8
90,2017-08-14,44.38
91,2017-08-11,44.47
92,2017-08-10,44.88
93,2017-08-09,45.05
94,2017-08-08,44.78
95,2017-08-07,45.7
96,2017-08-04,46.01
97,2017-08-03,45.72
98,2017-08-02,45.54
99,2017-08-01,45.12
100,2017-07-31,45.2
101,2017-07-28,45.05
102,2017-07-27,45.04
103,2017-07-26,45.29
104,2017-07-25,45.55
105,2017-07-24,45.12
106,2017-07-21,44.91
107,2017-07-20,45.1
108,2017-07-19,45.59
109,2017-07-18,45.5
110,2017-07-17,45.64
111,2017-07-14,45.3
112,2017-07-13,44.43
113,2017-07-12,44.39
114,2017-07-11,43.76
115,2017-07-10,43.95
116,2017-07-07,44.44
117,2017-07-06,43.77
118,2017-07-05,43.59
119,2017-07-03,43.69
120,2017-06-30,42.9
121,2017-06-29,43.75
122,2017-06-28,43.89
123,2017-06-27,43.35
124,2017-06-26,43.1
125,2017-06-23,42.33
126,2017-06-22,41.08
127,2017-06-21,41.0
128,2017-06-20,41.2
129,2017-06-19,41.52
130,2017-06-16,41.61
131,2017-06-15,41.1
132,2017-06-14,41.85
133,2017-06-13,42.08
134,2017-06-12,42.25
135,2017-06-09,42.34
136,2017-06-08,42.04
137,2017-06-07,42.46
138,2017-06-06,42.57
139,2017-06-05,42.28
140,2017-06-02,42.55
141,2017-06-01,43.25
142,2017-05-31,43.14
143,2017-05-30,43.49
144,2017-05-26,43.88
145,2017-05-25,44.03
146,2017-05-24,44.41
147,2017-05-23,44.5
148,2017-05-22,44.29
149,2017-05-19,43.7
150,2017-05-18,43.06
151,2017-05-17,43.16
152,2017-05-16,43.74
153,2017-05-15,43.93
154,2017-05-12,43.29
155,2017-05-11,43.54
156,2017-05-10,44.62
157,2017-05-09,44.18
158,2017-05-08,44.7
159,2017-05-05,45.09
160,2017-05-04,44.43
161,2017-05-03,45.09
162,2017-05-02,45.01
163,2017-05-01,45.05
164,2017-04-28,45.15
165,2017-04-27,44.55
166,2017-04-26,45.24
167,2017-04-25,45.08
168,2017-04-24,44.3
169,2017-04-21,44.13
170,2017-04-20,43.83
171,2017-04-19,44.25
172,2017-04-18,44.17
173,2017-04-17,43.95
174,2017-04-13,44.13
175,2017-04-12,44.44
176,2017-04-11,44.35
177,2017-04-10,44.1
178,2017-04-07,43.81
179,2017-04-06,43.74
180,2017-04-05,43.33
181,2017-04-04,43.44
182,2017-04-03,43.34
183,2017-03-31,43.66
184,2017-03-30,42.91
185,2017-03-29,42.74
186,2017-03-28,42.21
187,2017-03-27,42.13
188,2017-03-24,42.28
189,2017-03-23,42.1
190,2017-03-22,42.23
191,2017-03-21,42.19
192,2017-03-20,42.62
193,2017-03-17,43.08
194,2017-03-16,43.03
195,2017-03-15,43.08
196,2017-03-14,42.61
197,2017-03-13,43.11
198,2017-03-10,43.05
199,2017-03-09,42.74
200,2017-03-08,42.96
201,2017-03-07,43.67
202,2017-03-06,44.02
203,2017-03-03,44.08
204,2017-03-02,43.96
205,2017-03-01,44.5
206,2017-02-28,44.73
207,2017-02-27,44.51
208,2017-02-24,44.88
209,2017-02-23,45.19
210,2017-02-22,45.13
211,2017-02-21,45.53
212,2017-02-17,45.53
213,2017-02-16,45.07
214,2017-02-15,45.25
215,2017-02-14,45.5
216,2017-02-13,45.35
217,2017-02-10,45.32
218,2017-02-09,45.56
219,2017-02-08,45.33
220,2017-02-07,45.51
221,2017-02-06,46.1
222,2017-02-03,45.82
223,2017-02-02,45.16
224,2017-02-01,45.2
225,2017-01-31,45.34
226,2017-01-30,45.3
227,2017-01-27,46.19
228,2017-01-26,46.07
229,2017-01-25,45.7
230,2017-01-24,45.54
231,2017-01-23,44.97
232,2017-01-20,45.37
233,2017-01-19,45.46
234,2017-01-18,46.11
235,2017-01-17,46.25
236,2017-01-13,46.23
237,2017-01-12,46.0
238,2017-01-11,46.7
239,2017-01-10,46.89
240,2017-01-09,47.09
241,2017-01-06,47.07
242,2017-01-05,46.99
243,2017-01-04,46.32
244,2017-01-03,46.13
245,2016-12-30,45.84
246,2016-12-29,45.5
247,2016-12-28,45.65
248,2016-12-27,46.06
249,2016-12-23,45.92
250,2016-12-22,45.78
251,2016-12-21,45.36
252,2016-12-20,45.15
253,2016-12-19,45.4
254,2016-12-16,45.64
255,2016-12-15,44.93
256,2016-12-14,44.63
257,2016-12-13,45.17
258,2016-12-12,44.7
259,2016-12-09,45.5
260,2016-12-08,45.52
261,2016-12-07,45.23
262,2016-12-06,43.98
263,2016-12-05,43.28
264,2016-12-02,41.84
265,2016-12-01,41.67
266,2016-11-30,42.49
267,2016-11-29,43.05
268,2016-11-28,42.98
269,2016-11-25,43.72
270,2016-11-23,44.17
271,2016-11-22,43.92
272,2016-11-21,43.59
273,2016-11-18,41.8
274,2016-11-17,41.62
275,2016-11-16,41.28
276,2016-11-15,41.85
277,2016-11-14,41.36
278,2016-11-11,40.35
279,2016-11-10,40.94
280,2016-11-09,41.45
281,2016-11-08,41.14
282,2016-11-07,41.52
283,2016-11-04,41.48
284,2016-11-03,41.5
285,2016-11-02,41.15
286,2016-11-01,42.75
287,2016-10-31,42.64
288,2016-10-28,43.03
289,2016-10-27,43.76
290,2016-10-26,43.61
291,2016-10-25,43.87
292,2016-10-24,44.42
293,2016-10-21,44.6
294,2016-10-20,44.67
295,2016-10-19,44.6
296,2016-10-18,44.33
297,2016-10-17,44.08
298,2016-10-14,43.73
299,2016-10-13,43.19
300,2016-10-12,43.01
301,2016-10-11,42.63
302,2016-10-10,42.9
303,2016-10-07,42.7
304,2016-10-06,42.47
305,2016-10-05,42.12
306,2016-10-04,41.91
307,2016-10-03,42.95
308,2016-09-30,43.69
309,2016-09-29,44.16
310,2016-09-28,44.59
311,2016-09-27,44.53
312,2016-09-26,44.58
313,2016-09-23,44.46
314,2016-09-22,44.43
315,2016-09-21,43.76
316,2016-09-20,42.6
317,2016-09-19,42.99
318,2016-09-16,42.72
319,2016-09-15,43.12
320,2016-09-14,43.27
321,2016-09-13,42.89
322,2016-09-12,43.59
323,2016-09-09,43.42
324,2016-09-08,44.7
325,2016-09-07,44.83
326,2016-09-06,44.85
327,2016-09-02,45.45
328,2016-09-01,45.42
329,2016-08-31,45.63
330,2016-08-30,45.98
331,2016-08-29,46.0
332,2016-08-26,46.0
333,2016-08-25,45.86
334,2016-08-24,45.95
335,2016-08-23,46.1
336,2016-08-22,46.28
337,2016-08-19,46.48
338,2016-08-18,46.91
339,2016-08-17,46.16
340,2016-08-16,46.34
341,2016-08-15,46.44
342,2016-08-12,46.65
343,2016-08-11,46.91
344,2016-08-10,48.05
345,2016-08-09,48.13
346,2016-08-08,48.38
347,2016-08-05,48.45
348,2016-08-04,48.89
349,2016-08-03,48.1
350,2016-08-02,48.54
351,2016-08-01,48.59
352,2016-07-29,48.74
353,2016-07-28,47.99
354,2016-07-27,48.04
355,2016-07-26,49.04
356,2016-07-25,48.75
357,2016-07-22,48.76
358,2016-07-21,48.58
359,2016-07-20,48.12
360,2016-07-19,47.94
361,2016-07-18,47.62
362,2016-07-15,46.72
363,2016-07-14,46.2
364,2016-07-13,45.91
365,2016-07-12,45.78
366,2016-07-11,45.99
367,2016-07-08,46.27
368,2016-07-07,46.31
369,2016-07-06,46.69
370,2016-07-05,46.83
371,2016-07-01,46.8
372,2016-06-30,47.18
373,2016-06-29,46.77
374,2016-06-28,46.41
375,2016-06-27,45.85
376,2016-06-24,46.38
377,2016-06-23,47.52
378,2016-06-22,46.93
379,2016-06-21,47.21
380,2016-06-20,46.6
381,2016-06-17,46.27
382,2016-06-16,46.31
383,2016-06-15,46.35
384,2016-06-14,46.36
385,2016-06-13,46.6
386,2016-06-10,46.44
387,2016-06-09,47.26
388,2016-06-08,47.0
389,2016-06-07,46.21
390,2016-06-06,45.8
391,2016-06-03,45.34
392,2016-06-02,45.79
393,2016-06-01,45.25
394,2016-05-31,44.94
395,2016-05-27,45.3
396,2016-05-26,45.26
397,2016-05-25,45.04
398,2016-05-24,44.93
399,2016-05-23,44.52
400,2016-05-20,45.17
401,2016-05-19,45.2
402,2016-05-18,45.04
403,2016-05-17,45.6
404,2016-05-16,45.89
405,2016-05-13,45.58
406,2016-05-12,45.97
407,2016-05-11,46.15
408,2016-05-10,45.9
409,2016-05-09,46.18
410,2016-05-06,46.74
411,2016-05-05,47.92
412,2016-05-04,48.12
413,2016-05-03,48.25
414,2016-05-02,49.78
415,2016-04-29,50.43
416,2016-04-28,49.42
417,2016-04-27,49.81
418,2016-04-26,48.77
419,2016-04-25,48.93
420,2016-04-22,49.41
421,2016-04-21,49.07
422,2016-04-20,49.6
423,2016-04-19,48.84
424,2016-04-18,48.5
425,2016-04-15,47.58
426,2016-04-14,48.47
427,2016-04-13,48.09
428,2016-04-12,48.55
429,2016-04-11,47.32
430,2016-04-08,47.28
431,2016-04-07,46.66
432,2016-04-06,46.77
433,2016-04-05,46.4
434,2016-04-04,46.91
435,2016-04-01,46.8
436,2016-03-31,48.12
437,2016-03-30,48.37
438,2016-03-29,47.24
439,2016-03-28,46.73
440,2016-03-24,47.43
441,2016-03-23,47.87
442,2016-03-22,48.89
443,2016-03-21,48.87
444,2016-03-18,49.84
445,2016-03-17,48.5
446,2016-03-16,48.5
447,2016-03-15,46.97
448,2016-03-14,47.42
449,2016-03-11,47.55
450,2016-03-10,47.12
451,2016-03-09,47.25
452,2016-03-08,46.23
453,2016-03-07,47.9
454,2016-03-04,46.5
455,2016-03-03,47.08
456,2016-03-02,45.94
457,2016-03-01,45.86
458,2016-02-29,46.31
459,2016-02-26,46.54
460,2016-02-25,47.7
461,2016-02-24,48.65
462,2016-02-23,49.07
463,2016-02-22,48.64
464,2016-02-19,45.53
465,2016-02-18,46.16
466,2016-02-17,47.17
467,2016-02-16,45.68
468,2016-02-12,43.72
469,2016-02-11,41.27
470,2016-02-10,42.76
471,2016-02-09,43.71
472,2016-02-08,45.94
473,2016-02-05,45.3
474,2016-02-04,45.16
475,2016-02-03,44.08
476,2016-02-02,40.78
477,2016-02-01,41.19
478,2016-01-29,41.91
479,2016-01-28,42.34
480,2016-01-27,40.89
481,2016-01-26,41.49
482,2016-01-25,40.94
483,2016-01-22,42.91
484,2016-01-21,41.92
485,2016-01-20,41.1
486,2016-01-19,42.66
487,2016-01-15,44.23
488,2016-01-14,45.72
489,2016-01-13,42.88
490,2016-01-12,41.99
491,2016-01-11,43.07
492,2016-01-08,44.23
493,2016-01-07,42.94
494,2016-01-06,44.18
495,2016-01-05,46.25
496,2016-01-04,47.94
497,2015-12-31,47.7
498,2015-12-30,46.13
499,2015-12-29,44.49
500,2015-12-28,44.0
501,2015-12-24,44.43
502,2015-12-23,45.14
503,2015-12-22,43.02
504,2015-12-21,42.71
505,2015-12-18,41.23
506,2015-12-17,40.68
507,2015-12-16,40.91
508,2015-12-15,39.49
509,2015-12-14,38.52
510,2015-12-11,38.76
511,2015-12-10,40.28
512,2015-12-09,40.75
513,2015-12-08,37.88
514,2015-12-07,37.89
515,2015-12-04,39.01
516,2015-12-03,40.3
517,2015-12-02,41.04
518,2015-12-01,42.14
519,2015-11-30,42.37
520,2015-11-27,41.81
521,2015-11-25,42.67
522,2015-11-24,42.89
523,2015-11-23,42.18
524,2015-11-20,41.63
525,2015-11-19,41.85
526,2015-11-18,42.61
527,2015-11-17,42.36
528,2015-11-16,42.96
529,2015-11-13,42.16
530,2015-11-12,43.05
531,2015-11-11,43.94
532,2015-11-10,45.04
533,2015-11-09,44.82
534,2015-11-06,45.18
535,2015-11-05,45.87
536,2015-11-04,45.04
537,2015-11-03,44.04
538,2015-11-02,42.98
539,2015-10-30,43.14
540,2015-10-29,42.53
541,2015-10-28,42.07
542,2015-10-27,40.81
543,2015-10-26,43.1
544,2015-10-23,43.65
545,2015-10-22,44.0
546,2015-10-21,44.72
547,2015-10-20,44.93
548,2015-10-19,43.55
549,2015-10-16,43.33
550,2015-10-15,43.96
551,2015-10-14,44.33
552,2015-10-13,42.88
553,2015-10-12,42.96
554,2015-10-09,44.21
555,2015-10-08,44.31
556,2015-10-07,43.5
557,2015-10-06,41.95
558,2015-10-05,41.47
559,2015-10-02,41.12
560,2015-10-01,41.15
561,2015-09-30,40.22
562,2015-09-29,39.04
563,2015-09-28,40.26
564,2015-09-25,41.54
565,2015-09-24,41.66
566,2015-09-23,41.58
567,2015-09-22,42.52
568,2015-09-21,43.14
569,2015-09-18,43.24
570,2015-09-17,43.92
571,2015-09-16,44.0
572,2015-09-15,44.04
573,2015-09-14,44.0
574,2015-09-11,44.25
575,2015-09-10,45.91
576,2015-09-09,45.88
577,2015-09-08,48.02
578,2015-09-04,48.05
579,2015-09-03,49.0
580,2015-09-02,48.9
581,2015-09-01,49.83
582,2015-08-31,50.94
583,2015-08-28,51.11
584,2015-08-27,51.12
585,2015-08-26,49.62
586,2015-08-25,47.93
587,2015-08-24,45.8
588,2015-08-21,46.67
589,2015-08-20,48.54
590,2015-08-19,49.04
591,2015-08-18,49.97
592,2015-08-17,51.35
593,2015-08-14,51.04
594,2015-08-13,50.63
595,2015-08-12,51.15
596,2015-08-11,50.33
597,2015-08-10,50.07
598,2015-08-07,48.12
599,2015-08-06,48.87
600,2015-08-05,48.66
601,2015-08-04,47.92
602,2015-08-03,48.26
603,2015-07-31,48.54
604,2015-07-30,49.48
605,2015-07-29,48.75
606,2015-07-28,47.52
607,2015-07-27,46.69
608,2015-07-24,45.35
609,2015-07-23,45.22
610,2015-07-22,44.92
611,2015-07-21,45.91
612,2015-07-20,45.12
613,2015-07-17,45.35
614,2015-07-16,46.03
615,2015-07-15,46.64
616,2015-07-14,47.01
617,2015-07-13,46.91
618,2015-07-10,46.7
619,2015-07-09,46.35
620,2015-07-08,46.74
621,2015-07-07,48.0
622,2015-07-06,46.58
623,2015-07-02,47.58
624,2015-07-01,46.3
625,2015-06-30,46.1
626,2015-06-29,45.77
627,2015-06-26,46.4
628,2015-06-25,47.54
629,2015-06-24,48.35
630,2015-06-23,48.57
631,2015-06-22,48.83
632,2015-06-19,48.62
633,2015-06-18,49.37
634,2015-06-17,48.94
635,2015-06-16,49.07
636,2015-06-15,48.95
637,2015-06-12,48.36
638,2015-06-11,48.49
639,2015-06-10,48.51
640,2015-06-09,49.35
641,2015-06-08,49.89
642,2015-06-05,50.12
643,2015-06-04,49.49
644,2015-06-03,50.0
645,2015-06-02,50.24
646,2015-06-01,50.42
647,2015-05-29,51.0
648,2015-05-28,50.83
649,2015-05-27,51.25
650,2015-05-26,50.75
651,2015-05-22,52.12
652,2015-05-21,52.05
653,2015-05-20,52.04
654,2015-05-19,52.23
655,2015-05-18,52.23
656,2015-05-15,51.95
657,2015-05-14,52.04
658,2015-05-13,51.75
659,2015-05-12,52.48
660,2015-05-11,52.91
661,2015-05-08,52.89
662,2015-05-07,53.36
663,2015-05-06,54.39
664,2015-05-05,54.85
665,2015-05-04,54.01
666,2015-05-01,54.01
667,2015-04-30,54.18
668,2015-04-29,54.97
669,2015-04-28,54.28
670,2015-04-27,53.94
671,2015-04-24,53.92
672,2015-04-23,53.4
673,2015-04-22,52.93
674,2015-04-21,52.71
675,2015-04-20,52.77
676,2015-04-17,52.4
677,2015-04-16,52.83
678,2015-04-15,52.89
679,2015-04-14,52.65
680,2015-04-13,52.66
681,2015-04-10,53.75
682,2015-04-09,54.62
683,2015-04-08,53.68
684,2015-04-07,52.63
685,2015-04-06,51.81
686,2015-04-02,51.94
687,2015-04-01,51.75
688,2015-03-31,51.79
689,2015-03-30,52.2
690,2015-03-27,51.96
691,2015-03-26,52.28
692,2015-03-25,53.18
693,2015-03-24,53.39
694,2015-03-23,53.64
695,2015-03-20,52.41
696,2015-03-19,53.25
697,2015-03-18,53.1
698,2015-03-17,51.93
699,2015-03-16,51.19
700,2015-03-13,50.21
701,2015-03-12,50.11
702,2015-03-11,50.32
703,2015-03-10,51.11
704,2015-03-09,50.74
705,2015-03-06,51.92
706,2015-03-05,52.89
707,2015-03-04,52.74
708,2015-03-03,52.54
709,2015-03-02,52.28
710,2015-02-27,53.34
711,2015-02-26,53.34
712,2015-02-25,53.72
713,2015-02-24,53.51
714,2015-02-23,53.61
715,2015-02-20,54.11
716,2015-02-19,54.02
717,2015-02-18,54.3
718,2015-02-17,54.51
719,2015-02-13,55.1
720,2015-02-12,54.91
721,2015-02-11,54.25
722,2015-02-10,54.94
723,2015-02-09,54.86
724,2015-02-06,55.23
725,2015-02-05,54.83
726,2015-02-04,54.81
727,2015-02-03,55.45
728,2015-02-02,55.1
729,2015-01-30,54.35
730,2015-01-29,54.0
731,2015-01-28,53.75
732,2015-01-27,53.22
733,2015-01-26,53.69
734,2015-01-23,54.14
735,2015-01-22,55.12
736,2015-01-21,55.64
737,2015-01-20,54.94
738,2015-01-16,54.72
739,2015-01-15,53.2
740,2015-01-14,53.86
741,2015-01-13,54.29
742,2015-01-12,55.0
743,2015-01-09,55.72
744,2015-01-08,54.32
745,2015-01-07,54.02
746,2015-01-06,53.85
747,2015-01-05,55.31
748,2015-01-02,56.03
749,2014-12-31,56.97
750,2014-12-30,58.88
751,2014-12-29,57.85
752,2014-12-26,57.97
753,2014-12-24,57.81
754,2014-12-23,57.48
755,2014-12-22,57.15
756,2014-12-19,55.0
757,2014-12-18,55.14
758,2014-12-17,55.21
759,2014-12-16,53.56
760,2014-12-15,51.34
761,2014-12-12,51.51
762,2014-12-11,52.7
763,2014-12-10,52.38
764,2014-12-09,54.56
765,2014-12-08,55.1
766,2014-12-05,56.43
767,2014-12-04,56.49
768,2014-12-03,55.69
769,2014-12-02,53.85
770,2014-12-01,53.38
771,2014-11-28,53.97
772,2014-11-26,55.68
773,2014-11-25,55.4
774,2014-11-24,55.1
775,2014-11-21,56.24
776,2014-11-20,57.42
777,2014-11-19,56.85
778,2014-11-18,57.2
779,2014-11-17,57.1
780,2014-11-14,56.36
781,2014-11-13,56.0
782,2014-11-12,56.74
783,2014-11-11,56.08
784,2014-11-10,56.25
785,2014-11-07,56.37
786,2014-11-06,57.0
787,2014-11-05,55.14
788,2014-11-04,54.28
789,2014-11-03,54.25
790,2014-10-31,54.0
791,2014-10-30,53.86
792,2014-10-29,54.96
793,2014-10-28,55.74
794,2014-10-27,54.03
795,2014-10-24,53.44
796,2014-10-23,52.99
797,2014-10-22,53.06
798,2014-10-21,54.13
799,2014-10-20,51.71
800,2014-10-17,50.73
801,2014-10-16,50.76
802,2014-10-15,49.65
803,2014-10-14,49.48
804,2014-10-13,48.0
805,2014-10-10,47.41
806,2014-10-09,48.33
807,2014-10-08,49.26
808,2014-10-07,49.3
809,2014-10-06,50.0
810,2014-10-03,50.62
811,2014-10-02,51.11
812,2014-10-01,52.98
813,2014-09-30,52.99
814,2014-09-29,52.81
815,2014-09-26,52.25
816,2014-09-25,51.79
817,2014-09-24,51.71
818,2014-09-23,51.22
819,2014-09-22,51.77
820,2014-09-19,52.92
821,2014-09-18,52.55
822,2014-09-17,52.82
823,2014-09-16,52.61
824,2014-09-15,52.81
825,2014-09-12,53.62
826,2014-09-11,54.72
827,2014-09-10,55.54
828,2014-09-09,56.1
829,2014-09-08,55.59
830,2014-09-05,56.03
831,2014-09-04,56.32
832,2014-09-03,56.5
833,2014-09-02,56.52
834,2014-08-29,56.99
835,2014-08-28,56.46
836,2014-08-27,56.44
837,2014-08-26,57.31
838,2014-08-25,57.0
839,2014-08-22,56.83
840,2014-08-21,55.44
841,2014-08-20,55.3
842,2014-08-19,55.07
843,2014-08-18,54.86
844,2014-08-15,54.5
845,2014-08-14,54.0
846,2014-08-13,53.8137
847,2014-08-12,53.42
848,2014-08-11,53.8
849,2014-08-08,52.61
850,2014-08-07,52.53
851,2014-08-06,51.66
852,2014-08-05,52.01
853,2014-08-04,52.52
854,2014-08-01,51.62
855,2014-07-31,51.59
856,2014-07-30,52.62
857,2014-07-29,53.03
858,2014-07-28,53.33
859,2014-07-25,52.84
860,2014-07-24,55.22
861,2014-07-23,55.57
862,2014-07-22,54.47
863,2014-07-21,54.34
864,2014-07-18,53.68
865,2014-07-17,53.56
866,2014-07-16,53.85
867,2014-07-15,54.19
868,2014-07-14,53.74
869,2014-07-11,53.8
870,2014-07-10,52.38
871,2014-07-09,52.35
872,2014-07-08,51.34
873,2014-07-07,52.16
874,2014-07-03,53.5
875,2014-07-02,53.78
876,2014-07-01,53.5
877,2014-06-30,53.35
878,2014-06-27,52.51
879,2014-06-26,52.54
880,2014-06-25,52.92
881,2014-06-24,53.0
882,2014-06-23,52.01
883,2014-06-20,50.63
884,2014-06-19,50.86
885,2014-06-18,51.18
886,2014-06-17,51.76
887,2014-06-16,52.16
888,2014-06-13,51.98
889,2014-06-12,52.23
890,2014-06-11,51.04
891,2014-06-10,53.28
892,2014-06-09,52.9
893,2014-06-06,53.28
894,2014-06-05,53.59
895,2014-06-04,53.58
896,2014-06-03,52.46
897,2014-06-02,52.28
898,2014-05-30,52.45
899,2014-05-29,52.21
900,2014-05-28,53.22
901,2014-05-27,53.13
902,2014-05-23,52.87
903,2014-05-22,52.68
904,2014-05-21,51.26
905,2014-05-20,50.37
906,2014-05-19,50.46
907,2014-05-16,50.62
908,2014-05-15,52.31
909,2014-05-14,52.3837
910,2014-05-13,51.06
911,2014-05-12,52.68
912,2014-05-09,52.42
913,2014-05-08,53.55
914,2014-05-07,55.25
915,2014-05-06,55.35
916,2014-05-05,57.34
917,2014-05-02,56.27
918,2014-05-01,55.27
919,2014-04-30,54.45
920,2014-04-29,54.55
921,2014-04-28,54.74
922,2014-04-25,54.58
923,2014-04-24,54.76
924,2014-04-23,54.38
925,2014-04-22,54.4
926,2014-04-21,53.93
927,2014-04-17,53.63
928,2014-04-16,51.79
929,2014-04-15,50.46
930,2014-04-14,49.96
931,2014-04-11,49.57
932,2014-04-10,48.29
933,2014-04-09,48.94
934,2014-04-08,49.37
935,2014-04-07,49.25
936,2014-04-04,49.33
937,2014-04-03,50.25
938,2014-04-02,49.98
939,2014-04-01,50.03
940,2014-03-31,48.95
941,2014-03-28,47.61
942,2014-03-27,47.54
943,2014-03-26,47.74
944,2014-03-25,47.58
945,2014-03-24,47.93
946,2014-03-21,48.05
947,2014-03-20,49.08
948,2014-03-19,49.22
949,2014-03-18,49.6
950,2014-03-17,48.79
951,2014-03-14,48.39
952,2014-03-13,48.36
953,2014-03-12,48.56
954,2014-03-11,48.66
955,2014-03-10,48.31
956,2014-03-07,48.4
957,2014-03-06,48.57
958,2014-03-05,48.37
959,2014-03-04,48.41
960,2014-03-03,48.23
961,2014-02-28,47.72
962,2014-02-27,47.1
963,2014-02-26,47.41
964,2014-02-25,48.85
965,2014-02-24,49.1
966,2014-02-21,48.96
967,2014-02-20,48.15
968,2014-02-19,47.76
969,2014-02-18,47.9
970,2014-02-14,47.64
971,2014-02-13,46.39
972,2014-02-12,45.96
973,2014-02-11,45.96
974,2014-02-10,45.58
975,2014-02-07,44.79
976,2014-02-06,43.68
977,2014-02-05,43.21
978,2014-02-04,44.39
979,2014-02-03,43.03
980,2014-01-31,44.3
981,2014-01-30,43.68
982,2014-01-29,43.64
983,2014-01-28,43.9
984,2014-01-27,43.62
985,2014-01-24,43.72
986,2014-01-23,43.48
987,2014-01-22,43.55
988,2014-01-21,43.45
989,2014-01-17,43.25
990,2014-01-16,43.23
991,2014-01-15,42.5
992,2014-01-14,42.25
993,2014-01-13,42.22
994,2014-01-10,42.13
995,2014-01-09,42.71
996,2014-01-08,42.92
997,2014-01-07,43.82
998,2014-01-06,44.34
999,2014-01-03,44.48
1000,2014-01-02,44.68
1001,2013-12-31,45.35
1002,2013-12-30,44.75
1003,2013-12-27,43.76
1004,2013-12-26,43.07
1005,2013-12-24,43.75
1006,2013-12-23,43.02
1007,2013-12-20,42.26
1008,2013-12-19,42.37
1009,2013-12-18,43.16
1010,2013-12-17,43.19
1011,2013-12-16,42.74
1012,2013-12-13,42.45
1013,2013-12-12,41.66
1014,2013-12-11,41.6
1015,2013-12-10,42.15
1016,2013-12-09,42.5
1017,2013-12-06,42.74
1018,2013-12-05,42.35
1019,2013-12-04,42.87
1020,2013-12-03,43.11
1021,2013-12-02,43.9
1022,2013-11-29,44.96
1023,2013-11-27,44.85
1024,2013-11-26,44.76
1025,2013-11-25,45.75
1026,2013-11-22,45.48
1027,2013-11-21,44.82
1028,2013-11-20,43.64
1029,2013-11-19,43.89
1030,2013-11-18,44.24
1031,2013-11-15,44.34
1032,2013-11-14,43.87
1033,2013-11-13,43.45
1034,2013-11-12,42.44
1035,2013-11-11,42.73
1036,2013-11-08,42.53
1037,2013-11-07,43.72
1038,2013-11-06,44.47
1039,2013-11-05,44.35
1040,2013-11-04,44.58
1041,2013-11-01,43.45
1042,2013-10-31,43.72
1043,2013-10-30,43.43
1044,2013-10-29,43.67
1045,2013-10-28,43.71
1046,2013-10-25,44.53
1047,2013-10-24,44.94
1048,2013-10-23,44.4
1049,2013-10-22,45.65
1050,2013-10-21,46.16
1051,2013-10-18,45.25
1052,2013-10-17,44.44
1053,2013-10-16,43.91
1054,2013-10-15,43.9
1055,2013-10-14,44.02
1056,2013-10-11,44.05
1057,2013-10-10,44.03
1058,2013-10-09,43.98
1059,2013-10-08,44.1
1060,2013-10-07,44.13
1061,2013-10-04,44.11
1062,2013-10-03,44.38
1063,2013-10-02,44.8
1064,2013-10-01,44.4
1065,2013-09-30,43.88
1066,2013-09-27,42.71
1067,2013-09-26,43.03
1068,2013-09-25,42.15
1069,2013-09-24,42.15
1070,2013-09-23,42.14
1071,2013-09-20,42.56
1072,2013-09-19,44.04
1073,2013-09-18,42.65
1074,2013-09-17,42.09
1075,2013-09-16,41.67
1076,2013-09-13,42.93
1077,2013-09-12,43.44
1078,2013-09-11,42.51
1079,2013-09-10,43.75
1080,2013-09-09,43.57
1081,2013-09-06,42.16
1082,2013-09-05,42.0
1083,2013-09-04,41.42
1084,2013-09-03,41.38
1085,2013-08-30,41.68
1086,2013-08-29,42.3
1087,2013-08-28,42.46
1088,2013-08-27,41.69
1089,2013-08-26,41.5
1090,2013-08-23,42.34
1091,2013-08-22,42.58
1092,2013-08-21,42.48
1093,2013-08-20,43.35
1094,2013-08-19,42.48
1095,2013-08-16,42.18
1096,2013-08-15,42.1
1097,2013-08-14,40.94
1098,2013-08-13,40.26
1099,2013-08-12,40.51
1100,2013-08-09,41.4
1101,2013-08-08,42.17
1102,2013-08-07,42.63
1103,2013-08-06,42.84
1104,2013-08-05,43.46
1105,2013-08-02,43.37
1106,2013-08-01,44.41
1107,2013-07-31,44.19
1108,2013-07-30,45.0
1109,2013-07-29,45.12
1110,2013-07-26,45.52
1111,2013-07-25,45.34
1112,2013-07-24,44.68
1113,2013-07-23,45.11
1114,2013-07-22,45.75
1115,2013-07-19,45.65
1116,2013-07-18,45.99
1117,2013-07-17,44.73
1118,2013-07-16,45.16
1119,2013-07-15,46.44
1120,2013-07-12,45.88
1121,2013-07-11,46.26
1122,2013-07-10,45.99
1123,2013-07-09,46.46
1124,2013-07-08,46.24
1125,2013-07-05,46.05
1126,2013-07-03,45.9
1127,2013-07-02,45.8
1128,2013-07-01,46.57
1129,2013-06-28,46.0
1130,2013-06-27,46.46
1131,2013-06-26,45.07
1132,2013-06-25,43.43
1133,2013-06-24,42.51
1134,2013-06-21,43.0
1135,2013-06-20,41.75
1136,2013-06-19,42.35
1137,2013-06-18,43.31
1138,2013-06-17,42.7
1139,2013-06-14,41.78
1140,2013-06-13,40.92
1141,2013-06-12,39.48
1142,2013-06-11,37.19
1143,2013-06-10,37.2
1144,2013-06-07,37.01
1145,2013-06-06,36.03
1146,2013-06-05,34.94
1147,2013-06-04,34.6
1148,2013-06-03,35.91
1149,2013-05-31,35.61
1150,2013-05-30,35.49
1151,2013-05-29,36.25
1152,2013-05-28,36.45
1153,2013-05-24,36.37
1154,2013-05-23,36.52
1155,2013-05-22,36.7
1156,2013-05-21,36.39
1157,2013-05-20,36.2
1158,2013-05-17,36.25
1159,2013-05-16,36.1
1160,2013-05-15,37.02
1161,2013-05-14,37.0
1162,2013-05-13,37.38
1163,2013-05-10,37.15
1164,2013-05-09,37.0
1165,2013-05-08,37.15
1166,2013-05-07,36.09
1167,2013-05-06,36.85
1168,2013-05-03,37.35
1169,2013-05-02,37.73
1170,2013-05-01,37.95
1171,2013-04-30,37.94
1172,2013-04-29,37.84
1173,2013-04-26,37.72
1174,2013-04-25,38.17
1175,2013-04-24,38.0
1176,2013-04-23,37.62
1177,2013-04-22,37.33
1178,2013-04-19,37.55
1179,2013-04-18,36.78
1180,2013-04-17,36.98
1181,2013-04-16,37.4
1182,2013-04-15,36.97
1183,2013-04-12,37.43
1184,2013-04-11,37.38
1185,2013-04-10,37.36
1186,2013-04-09,37.46
1187,2013-04-08,37.45
1188,2013-04-05,37.15
1189,2013-04-04,37.08
1190,2013-04-03,37.06
1191,2013-04-02,38.82
1192,2013-04-01,38.97
1193,2013-03-28,39.35
1194,2013-03-27,39.15
1195,2013-03-26,39.24
1196,2013-03-25,38.44
1197,2013-03-22,38.56
1198,2013-03-21,38.78
1199,2013-03-20,39.05
1200,2013-03-19,38.69
1201,2013-03-18,39.05
1202,2013-03-15,39.19
1203,2013-03-14,39.76
1204,2013-03-13,39.83
1205,2013-03-12,39.95
1206,2013-03-11,39.73
1207,2013-03-08,39.01
1208,2013-03-07,38.67
1209,2013-03-06,38.3
1210,2013-03-05,38.55
1211,2013-03-04,38.15
1212,2013-03-01,37.12
1213,2013-02-28,36.92
1214,2013-02-27,36.79
1215,2013-02-26,36.27
1216,2013-02-25,35.9
1217,2013-02-22,36.39
1218,2013-02-21,36.24
1219,2013-02-20,36.33
1220,2013-02-19,36.44
1221,2013-02-15,36.19
1222,2013-02-14,36.22
1223,2013-02-13,35.65
1224,2013-02-12,35.2
1225,2013-02-11,34.87
1226,2013-02-08,34.53
1227,2013-02-07,34.23
1228,2013-02-06,34.15
1229,2013-02-05,34.15
1230,2013-02-04,34.38
1231,2013-02-01,34.66
1232,2013-01-31,34.39
1233,2013-01-30,34.36
1234,2013-01-29,34.45
1235,2013-01-28,33.98
1236,2013-01-25,34.05
1237,2013-01-24,33.91
1238,2013-01-23,34.16
1239,2013-01-22,34.29
1240,2013-01-18,34.28
1241,2013-01-17,34.0
1242,2013-01-16,32.93
1243,2013-01-15,32.68
1244,2013-01-14,32.52
1245,2013-01-11,33.09
1246,2013-01-10,32.88
1247,2013-01-09,32.54
1248,2013-01-08,32.64
1249,2013-01-07,32.21
1250,2013-01-04,32.0
1251,2013-01-03,31.98
1252,2013-01-02,31.96
1253,2012-12-31,31.23
1254,2012-12-28,30.3
1255,2012-12-27,30.31
1256,2012-12-26,30.51
1257,2012-12-24,30.62
1258,2012-12-21,30.99
1259,2012-12-20,31.72
1260,2012-12-19,31.09
1261,2012-12-18,30.69
1262,2012-12-17,29.77
1263,2012-12-14,29.66
1264,2012-12-13,29.92
1265,2012-12-12,29.95
1266,2012-12-11,30.13
1267,2012-12-10,29.92
1268,2012-12-07,30.02
1269,2012-12-06,29.84
1270,2012-12-05,29.6
1271,2012-12-04,29.46
1272,2012-12-03,29.56
1273,2012-11-30,29.79
1274,2012-11-29,29.8
1275,2012-11-28,29.75
1276,2012-11-27,29.43
1277,2012-11-26,29.38
1278,2012-11-23,29.69
1279,2012-11-21,29.73
1280,2012-11-20,29.47
1281,2012-11-19,28.95
1282,2012-11-16,27.65
1283,2012-11-15,27.25
1284,2012-11-14,27.25
1285,2012-11-13,28.6
1286,2012-11-12,28.42
1287,2012-11-09,28.66
1288,2012-11-08,28.71
1289,2012-11-07,29.0
1290,2012-11-06,29.32
1291,2012-11-05,29.25
1292,2012-11-02,29.54
1293,2012-11-01,30.04
1294,2012-10-31,29.76
1295,2012-10-26,30.88
1296,2012-10-25,30.71
1297,2012-10-24,30.91
1298,2012-10-23,30.75
1299,2012-10-22,31.06
1300,2012-10-19,30.96
1301,2012-10-18,31.29
1302,2012-10-17,31.51
1303,2012-10-16,31.48
1304,2012-10-15,31.53
1305,2012-10-12,31.58
1306,2012-10-11,31.62
1307,2012-10-10,31.84
1308,2012-10-09,31.78
1309,2012-10-08,31.85
1310,2012-10-05,31.8
1311,2012-10-04,31.59
1312,2012-10-03,31.52
1313,2012-10-02,31.36
1314,2012-10-01,32.02
1315,2012-09-28,31.83
1316,2012-09-27,31.74
1317,2012-09-26,31.53
1318,2012-09-25,31.55
1319,2012-09-24,32.03
1320,2012-09-21,32.22
1321,2012-09-20,32.13
1322,2012-09-19,32.22
1323,2012-09-18,32.41
1324,2012-09-17,32.24
1325,2012-09-14,32.07
1326,2012-09-13,31.85
1327,2012-09-12,31.86
1328,2012-09-11,31.9
1329,2012-09-10,32.0
1330,2012-09-07,32.22
1331,2012-09-06,32.28
1332,2012-09-05,32.07
1333,2012-09-04,32.25
1334,2012-08-31,32.02
1335,2012-08-30,31.99
1336,2012-08-29,32.0
1337,2012-08-28,32.1
1338,2012-08-27,32.0
1339,2012-08-24,32.25
1340,2012-08-23,32.26
1341,2012-08-22,32.48
1342,2012-08-21,32.51
1343,2012-08-20,32.6
1344,2012-08-17,32.63
1345,2012-08-16,32.62
1346,2012-08-15,32.65
1347,2012-08-14,32.54
1348,2012-08-13,32.31
1349,2012-08-10,32.32
1350,2012-08-09,31.99
1351,2012-08-08,32.43
1352,2012-08-07,32.37
1353,2012-08-06,32.48
1354,2012-08-03,32.16
1355,2012-08-02,31.98
1356,2012-08-01,32.34
1357,2012-07-31,32.76
1358,2012-07-30,32.41
1359,2012-07-27,32.4
1360,2012-07-26,31.86
1361,2012-07-25,31.91
1362,2012-07-24,31.9
1363,2012-07-23,32.07
1364,2012-07-20,32.29
1365,2012-07-19,32.0
1366,2012-07-18,32.35
1367,2012-07-17,32.17
1368,2012-07-16,31.8
1369,2012-07-13,31.52
1370,2012-07-12,31.05
1371,2012-07-11,30.97
1372,2012-07-10,30.77
1373,2012-07-09,30.66
1374,2012-07-06,30.8
1375,2012-07-05,30.43
1376,2012-07-03,30.69
1377,2012-07-02,30.7
1378,2012-06-29,30.43
1379,2012-06-28,30.1
1380,2012-06-27,29.93
1381,2012-06-26,29.78
1382,2012-06-25,29.63
1383,2012-06-22,29.91
1384,2012-06-21,29.42
1385,2012-06-20,29.69
1386,2012-06-19,30.1
1387,2012-06-18,29.92
1388,2012-06-15,29.75
1389,2012-06-14,30.36
1390,2012-06-13,30.61
1391,2012-06-12,30.63
1392,2012-06-11,30.99
1393,2012-06-08,31.18
1394,2012-06-07,31.45
1395,2012-06-06,31.46
1396,2012-06-05,30.85
1397,2012-06-04,30.24
1398,2012-06-01,30.65
1399,2012-05-31,31.17
1400,2012-05-30,31.27
1401,2012-05-29,31.74
1402,2012-05-25,31.17
1403,2012-05-24,31.05
1404,2012-05-23,30.98
1405,2012-05-22,30.97
1406,2012-05-21,30.83
1407,2012-05-18,29.95
1408,2012-05-17,30.02
1409,2012-05-16,30.59
1410,2012-05-15,30.53
1411,2012-05-14,30.45
1412,2012-05-11,30.6
1413,2012-05-10,31.33
1414,2012-05-09,31.41
1415,2012-05-08,31.79
1416,2012-05-07,31.9
1417,2012-05-04,31.95
1418,2012-05-03,31.61
1419,2012-05-02,32.11
1420,2012-05-01,32.74
1421,2012-04-30,32.48
1422,2012-04-27,32.3
1423,2012-04-26,31.99
1424,2012-04-25,31.72
1425,2012-04-24,31.83
1426,2012-04-23,31.61
1427,2012-04-20,31.58
1428,2012-04-19,31.55
1429,2012-04-18,31.48
1430,2012-04-17,31.6
1431,2012-04-16,31.37
1432,2012-04-13,31.45
1433,2012-04-12,31.45
1434,2012-04-11,31.4
1435,2012-04-10,31.03
1436,2012-04-09,31.34
1437,2012-04-05,31.67
1438,2012-04-04,32.03
1439,2012-04-03,32.17
1440,2012-04-02,31.87
1441,2012-03-30,31.95
1442,2012-03-29,31.56
1443,2012-03-28,31.74
1444,2012-03-27,31.85
1445,2012-03-26,31.83
1446,2012-03-23,31.86
1447,2012-03-22,32.01
1448,2012-03-21,32.36
1449,2012-03-20,32.2
1450,2012-03-19,31.67
1451,2012-03-16,31.02
1452,2012-03-15,31.57
1453,2012-03-14,31.68
1454,2012-03-13,31.98
1455,2012-03-12,32.0
1456,2012-03-09,32.0
1457,2012-03-08,32.3
1458,2012-03-07,32.33
1459,2012-03-06,31.75
1460,2012-03-05,32.13
1461,2012-03-02,32.13
1462,2012-03-01,33.03
1463,2012-02-29,32.99
1464,2012-02-28,33.07
1465,2012-02-27,33.03
1466,2012-02-24,32.8
1467,2012-02-23,33.05
1468,2012-02-22,32.81
1469,2012-02-21,33.02
1470,2012-02-17,33.15
1471,2012-02-16,32.93
1472,2012-02-15,32.52
1473,2012-02-14,32.25
1474,2012-02-13,31.69
1475,2012-02-10,31.24
1476,2012-02-09,31.59
1477,2012-02-08,31.34
1478,2012-02-07,31.58
1479,2012-02-06,31.68
1480,2012-02-03,32.24
1481,2012-02-02,31.81
1482,2012-02-01,32.46
1483,2012-01-31,32.09
1484,2012-01-30,32.6
1485,2012-01-27,32.78
1486,2012-01-26,32.93
1487,2012-01-25,33.12
1488,2012-01-24,32.9
1489,2012-01-23,32.65
1490,2012-01-20,32.11
1491,2012-01-19,32.07
1492,2012-01-18,32.0
1493,2012-01-17,31.88
1494,2012-01-13,31.58
1495,2012-01-12,31.8
1496,2012-01-11,31.95
1497,2012-01-10,32.22
1498,2012-01-09,32.42
1499,2012-01-06,32.44
1500,2012-01-05,32.69
1501,2012-01-04,32.49
1502,2012-01-03,32.25
1503,2011-12-30,31.96
1504,2011-12-29,31.85
1505,2011-12-28,31.4
1506,2011-12-27,31.4
1507,2011-12-23,31.25
1508,2011-12-22,30.93
1509,2011-12-21,31.13
1510,2011-12-20,30.61
1511,2011-12-19,30.27
1512,2011-12-16,29.94
1513,2011-12-15,30.54
1514,2011-12-14,30.36
1515,2011-12-13,30.67
1516,2011-12-12,30.74
1517,2011-12-09,30.85
1518,2011-12-08,30.8
1519,2011-12-07,31.15
1520,2011-12-06,31.06
1521,2011-12-05,30.9
1522,2011-12-02,30.72
1523,2011-12-01,30.71
1524,2011-11-30,30.27
1525,2011-11-29,30.06
1526,2011-11-28,30.05
1527,2011-11-25,29.8
1528,2011-11-23,29.67
1529,2011-11-22,29.69
1530,2011-11-21,29.65
1531,2011-11-18,29.97
1532,2011-11-17,29.72
1533,2011-11-16,29.51
1534,2011-11-15,29.4
1535,2011-11-14,29.41
1536,2011-11-11,29.47
1537,2011-11-10,29.38
1538,2011-11-09,29.34
1539,2011-11-08,29.61
1540,2011-11-07,29.81
1541,2011-11-04,30.03
1542,2011-11-03,29.91
1543,2011-11-02,30.57
1544,2011-11-01,30.64
1545,2011-10-31,31.08
1546,2011-10-28,31.25
1547,2011-10-27,31.12
1548,2011-10-26,31.03
1549,2011-10-25,30.43
1550,2011-10-24,31.03
1551,2011-10-21,30.58
1552,2011-10-20,30.16
1553,2011-10-19,29.9
1554,2011-10-18,29.8
1555,2011-10-17,29.74
1556,2011-10-14,30.17
1557,2011-10-13,29.91
1558,2011-10-12,29.59
1559,2011-10-11,29.77
1560,2011-10-10,29.52
1561,2011-10-07,28.69
1562,2011-10-06,28.85
1563,2011-10-05,28.39
1564,2011-10-04,27.65
1565,2011-10-03,27.47
1566,2011-09-30,28.21
1567,2011-09-29,28.24
1568,2011-09-28,28.06
1569,2011-09-27,28.46
1570,2011-09-26,28.0
1571,2011-09-23,27.85
1572,2011-09-22,28.01
1573,2011-09-21,28.77
1574,2011-09-20,29.28
1575,2011-09-19,29.18
1576,2011-09-16,28.59
1577,2011-09-15,28.7
1578,2011-09-14,28.54
1579,2011-09-13,28.4
1580,2011-09-12,28.18
1581,2011-09-09,28.3
1582,2011-09-08,28.51
1583,2011-09-07,28.55
1584,2011-09-06,28.05
1585,2011-09-02,28.44
1586,2011-09-01,29.05
1587,2011-08-31,29.05
1588,2011-08-30,28.61
1589,2011-08-29,28.67
1590,2011-08-26,28.0
1591,2011-08-25,27.66
1592,2011-08-24,27.69
1593,2011-08-23,27.28
1594,2011-08-22,26.5
1595,2011-08-19,27.24
1596,2011-08-18,27.94
1597,2011-08-17,28.46
1598,2011-08-16,27.87
1599,2011-08-15,27.79
1600,2011-08-12,27.15
1601,2011-08-11,27.77
1602,2011-08-10,27.48
1603,2011-08-09,26.96
1604,2011-08-08,25.68
1605,2011-08-05,27.97
1606,2011-08-04,28.43
1607,2011-08-03,29.22
1608,2011-08-02,29.55
1609,2011-08-01,29.41
1610,2011-07-29,29.74
1611,2011-07-28,30.01
1612,2011-07-27,30.16
1613,2011-07-26,30.25
1614,2011-07-25,30.49
1615,2011-07-22,30.93
1616,2011-07-21,30.73
1617,2011-07-20,30.75
1618,2011-07-19,31.02
1619,2011-07-18,31.08
1620,2011-07-15,31.32
1621,2011-07-14,31.22
1622,2011-07-13,31.28
1623,2011-07-12,31.62
1624,2011-07-11,31.74
1625,2011-07-08,31.98
1626,2011-07-07,32.05
1627,2011-07-06,31.93
1628,2011-07-05,31.96
1629,2011-07-01,31.84
1630,2011-06-30,31.82
1631,2011-06-29,31.26
1632,2011-06-28,31.14
1633,2011-06-27,30.91
1634,2011-06-24,30.97
1635,2011-06-23,30.87
1636,2011-06-22,30.9
1637,2011-06-21,30.81
1638,2011-06-20,30.74
1639,2011-06-17,30.97
1640,2011-06-16,30.39
1641,2011-06-15,30.48
1642,2011-06-14,30.86
1643,2011-06-13,30.81
1644,2011-06-10,31.19
1645,2011-06-09,30.82
1646,2011-06-08,31.83
1647,2011-06-07,31.69
1648,2011-06-06,31.73
1649,2011-06-03,31.77
1650,2011-06-02,31.77
1651,2011-06-01,31.88
1652,2011-05-31,32.0
1653,2011-05-27,32.09
1654,2011-05-26,32.04
1655,2011-05-25,32.17
1656,2011-05-24,32.19
1657,2011-05-23,32.12
1658,2011-05-20,32.36
1659,2011-05-19,32.2
1660,2011-05-18,31.78
1661,2011-05-17,31.35
1662,2011-05-16,31.5
1663,2011-05-13,32.05
1664,2011-05-12,32.36
1665,2011-05-11,33.52
1666,2011-05-10,34.0
1667,2011-05-09,34.16
1668,2011-05-06,33.79
1669,2011-05-05,32.95
1670,2011-05-04,33.12
1671,2011-05-03,33.91
1672,2011-05-02,34.15
1673,2011-04-29,34.41
1674,2011-04-28,34.83
1675,2011-04-27,34.37
1676,2011-04-26,33.9
1677,2011-04-25,33.67
1678,2011-04-21,33.5
1679,2011-04-20,33.32
1680,2011-04-19,33.11
1681,2011-04-18,33.04
1682,2011-04-15,33.12
1683,2011-04-14,33.0
1684,2011-04-13,32.9
1685,2011-04-12,32.8
1686,2011-04-11,32.81
1687,2011-04-08,32.94
1688,2011-04-07,33.0
1689,2011-04-06,32.89
1690,2011-04-05,32.91
1691,2011-04-04,32.93
1692,2011-04-01,32.92
1693,2011-03-31,32.87
1694,2011-03-30,32.39
1695,2011-03-29,32.48
1696,2011-03-28,32.7
1697,2011-03-25,32.64
1698,2011-03-24,32.38
1699,2011-03-23,31.91
1700,2011-03-22,32.04
1701,2011-03-21,31.79
1702,2011-03-18,31.25
1703,2011-03-17,31.73
1704,2011-03-16,31.33
1705,2011-03-15,31.19
1706,2011-03-14,31.66
1707,2011-03-11,31.73
1708,2011-03-10,31.78
1709,2011-03-09,32.21
1710,2011-03-08,32.41
1711,2011-03-07,32.45
1712,2011-03-04,32.61
1713,2011-03-03,32.73
1714,2011-03-02,32.69
1715,2011-03-01,32.76
1716,2011-02-28,32.87
1717,2011-02-25,32.9
1718,2011-02-24,32.53
1719,2011-02-23,32.77
1720,2011-02-22,33.0
1721,2011-02-18,33.42
1722,2011-02-17,33.32
1723,2011-02-16,33.31
1724,2011-02-15,33.36
1725,2011-02-14,33.17
1726,2011-02-11,32.85
1727,2011-02-10,32.58
1728,2011-02-09,32.68
1729,2011-02-08,32.75
1730,2011-02-07,32.76
1731,2011-02-04,32.9
1732,2011-02-03,33.14
1733,2011-02-02,33.07
1734,2011-02-01,33.33
1735,2011-01-31,33.35
1736,2011-01-28,33.23
1737,2011-01-27,33.23
1738,2011-01-26,33.22
1739,2011-01-25,32.92
1740,2011-01-24,32.86
1741,2011-01-21,32.4
1742,2011-01-20,32.28
1743,2011-01-19,32.81
1744,2011-01-18,32.96
1745,2011-01-14,32.88
1746,2011-01-13,33.05
1747,2011-01-12,33.09
1748,2011-01-11,33.01
1749,2011-01-10,32.98
1750,2011-01-07,32.96
1751,2011-01-06,32.88
1752,2011-01-05,32.87
1753,2011-01-04,32.73
1754,2011-01-03,32.9
1755,2010-12-31,32.85
1756,2010-12-30,32.92
1757,2010-12-29,32.83
1758,2010-12-28,32.95
1759,2010-12-27,32.82
1760,2010-12-23,32.81
1761,2010-12-22,32.92
1762,2010-12-21,32.95
1763,2010-12-20,32.65
1764,2010-12-17,32.8
1765,2010-12-16,31.99
1766,2010-12-15,32.04
1767,2010-12-14,32.24
1768,2010-12-13,32.25
1769,2010-12-10,32.35
1770,2010-12-09,32.37
1771,2010-12-08,32.23
1772,2010-12-07,32.43
1773,2010-12-06,32.6
1774,2010-12-03,32.39
1775,2010-12-02,32.52
1776,2010-12-01,33.92
1777,2010-11-30,33.93
1778,2010-11-29,34.1
1779,2010-11-26,33.8801
1780,2010-11-24,34.0
1781,2010-11-23,33.68
1782,2010-11-22,33.93
1783,2010-11-19,33.97
1784,2010-11-18,33.56
1785,2010-11-17,33.55
1786,2010-11-16,33.85
1787,2010-11-15,34.15
1788,2010-11-12,34.51
1789,2010-11-11,34.82
1790,2010-11-10,35.01
1791,2010-11-09,35.32
1792,2010-11-08,35.2
1793,2010-11-05,35.05
1794,2010-11-04,35.05
1795,2010-11-03,34.95
1796,2010-11-02,34.99
1797,2010-11-01,34.83
1798,2010-10-29,34.27
1799,2010-10-28,34.86
1800,2010-10-27,34.83
1801,2010-10-26,35.01
1802,2010-10-25,35.02
1803,2010-10-22,35.12
1804,2010-10-21,35.17
1805,2010-10-20,35.19
1806,2010-10-19,35.26
1807,2010-10-18,35.57
1808,2010-10-15,35.67
1809,2010-10-14,35.71
1810,2010-10-13,35.99
1811,2010-10-12,35.7
1812,2010-10-11,35.99
1813,2010-10-08,35.99
1814,2010-10-07,35.9
1815,2010-10-06,35.33
1816,2010-10-05,35.75
1817,2010-10-04,35.2
1818,2010-10-01,34.96
1819,2010-09-30,34.6
1820,2010-09-29,34.03
1821,2010-09-28,33.75
1822,2010-09-27,33.6
1823,2010-09-24,33.63
1824,2010-09-23,33.36
1825,2010-09-22,33.5
1826,2010-09-21,33.31
1827,2010-09-20,33.31
1828,2010-09-17,32.82
1829,2010-09-16,33.13
1830,2010-09-15,33.19
1831,2010-09-14,33.68
1832,2010-09-13,33.52
1833,2010-09-10,33.34
1834,2010-09-09,33.3
1835,2010-09-08,32.94
1836,2010-09-07,32.71
1837,2010-09-03,33.02
1838,2010-09-02,33.04
1839,2010-09-01,32.7
1840,2010-08-31,32.22
1841,2010-08-30,32.73
1842,2010-08-27,33.45
1843,2010-08-26,33.17
1844,2010-08-25,32.99
1845,2010-08-24,33.45
1846,2010-08-23,33.66
1847,2010-08-20,33.56
1848,2010-08-19,33.56
1849,2010-08-18,33.65
1850,2010-08-17,33.65
1851,2010-08-16,33.42
1852,2010-08-13,33.29
1853,2010-08-12,32.61
1854,2010-08-11,32.85
1855,2010-08-10,33.64
1856,2010-08-09,33.9
1857,2010-08-06,34.4
1858,2010-08-05,34.9
1859,2010-08-04,35.28
1860,2010-08-03,35.2
1861,2010-08-02,35.35
1862,2010-07-30,34.9
1863,2010-07-29,34.62
1864,2010-07-28,34.51
1865,2010-07-27,35.09
1866,2010-07-26,35.28
1867,2010-07-23,35.12
1868,2010-07-22,35.06
1869,2010-07-21,35.0
1870,2010-07-20,35.26
1871,2010-07-19,34.94
1872,2010-07-16,34.91
1873,2010-07-15,35.23
1874,2010-07-14,35.07
1875,2010-07-13,35.34
1876,2010-07-12,34.93
1877,2010-07-09,35.22
1878,2010-07-08,35.03
1879,2010-07-07,35.8
1880,2010-07-06,34.27
1881,2010-07-02,34.15
1882,2010-07-01,33.94
1883,2010-06-30,33.94
1884,2010-06-29,33.53
1885,2010-06-28,33.68
1886,2010-06-25,33.26
1887,2010-06-24,32.81
1888,2010-06-23,32.65
1889,2010-06-22,32.75
1890,2010-06-21,32.92
1891,2010-06-18,33.25
1892,2010-06-17,33.36
1893,2010-06-16,33.75
1894,2010-06-15,33.72
1895,2010-06-14,33.25
1896,2010-06-11,32.46
1897,2010-06-10,32.22
1898,2010-06-09,31.92
1899,2010-06-08,31.84
1900,2010-06-07,32.01
1901,2010-06-04,32.04
1902,2010-06-03,31.98
1903,2010-06-02,30.98
1904,2010-06-01,30.66
1905,2010-05-28,31.0
1906,2010-05-27,31.0
1907,2010-05-26,30.59
1908,2010-05-25,30.0
1909,2010-05-24,29.99
1910,2010-05-21,29.75
1911,2010-05-20,29.81
1912,2010-05-19,30.22
1913,2010-05-18,31.21
1914,2010-05-17,31.62
1915,2010-05-14,31.98
1916,2010-05-13,32.5
1917,2010-05-12,32.68
1918,2010-05-11,32.19
1919,2010-05-10,31.8
1920,2010-05-07,31.28
1921,2010-05-06,31.8
1922,2010-05-05,31.7
1923,2010-05-04,31.73
1924,2010-05-03,31.96
1925,2010-04-30,31.53
1926,2010-04-29,31.87
1927,2010-04-28,31.87
1928,2010-04-27,32.12
1929,2010-04-26,32.93
1930,2010-04-23,32.92
1931,2010-04-22,32.61
1932,2010-04-21,32.35
1933,2010-04-20,33.42
1934,2010-04-19,33.26
1935,2010-04-16,32.99
1936,2010-04-15,33.43
1937,2010-04-14,33.16
1938,2010-04-13,33.47
1939,2010-04-12,32.95
1940,2010-04-09,32.66
1941,2010-04-08,32.31
1942,2010-04-07,32.25
1943,2010-04-06,32.38
1944,2010-04-05,32.32
1945,2010-04-01,31.5
1946,2010-03-31,30.4
1947,2010-03-30,30.0
1948,2010-03-29,30.05
1949,2010-03-26,29.7
1950,2010-03-25,29.75
1951,2010-03-24,30.27
1952,2010-03-23,30.26
1953,2010-03-22,30.44
1954,2010-03-19,30.37
1955,2010-03-18,30.94
1956,2010-03-17,30.93
1957,2010-03-16,30.99
1958,2010-03-15,31.33
1959,2010-03-12,31.03
1960,2010-03-11,30.95
1961,2010-03-10,31.16
1962,2010-03-09,30.82
1963,2010-03-08,30.72
1964,2010-03-05,30.15
1965,2010-03-04,30.14
1966,2010-03-03,30.51
1967,2010-03-02,30.27
1968,2010-03-01,30.22
1969,2010-02-26,29.98
1970,2010-02-25,29.48
1971,2010-02-24,29.31
1972,2010-02-23,29.0
1973,2010-02-22,29.17
1974,2010-02-19,29.08
1975,2010-02-18,28.98
1976,2010-02-17,28.91
1977,2010-02-16,28.43
1978,2010-02-12,27.61
1979,2010-02-11,27.72
1980,2010-02-10,27.42
1981,2010-02-09,27.72
1982,2010-02-08,27.61
1983,2010-02-05,27.95
1984,2010-02-04,29.32
1985,2010-02-03,29.99
1986,2010-02-02,30.29
1987,2010-02-01,30.06
1988,2010-01-29,29.5
1989,2010-01-28,29.86
1990,2010-01-27,29.86
1991,2010-01-26,30.61
1992,2010-01-25,30.39
1993,2010-01-22,29.96
1994,2010-01-21,30.3219
1995,2010-01-20,30.22
1996,2010-01-19,30.26
1997,2010-01-15,29.69
1998,2010-01-14,29.6
1999,2010-01-13,29.47
2000,2010-01-12,29.76
2001,2010-01-11,30.15
2002,2010-01-08,29.45
2003,2010-01-07,29.56
2004,2010-01-06,30.12
2005,2010-01-05,29.8
2006,2010-01-04,29.93
2007,2009-12-31,29.57
2008,2009-12-30,29.6
2009,2009-12-29,29.68
2010,2009-12-28,29.82
2011,2009-12-24,29.8
2012,2009-12-23,29.51
2013,2009-12-22,29.51
2014,2009-12-21,29.71
2015,2009-12-18,28.73
2016,2009-12-17,29.51
2017,2009-12-16,29.71
2018,2009-12-15,29.2
2019,2009-12-14,28.34
2020,2009-12-11,28.15
2021,2009-12-10,27.76
2022,2009-12-09,27.53
2023,2009-12-08,27.32
2024,2009-12-07,27.45
2025,2009-12-04,27.5
2026,2009-12-03,27.43
2027,2009-12-02,27.28
2028,2009-12-01,27.53
2029,2009-11-30,27.73
2030,2009-11-27,27.69
2031,2009-11-25,27.59
2032,2009-11-24,27.5
2033,2009-11-23,27.47
2034,2009-11-20,27.38
2035,2009-11-19,27.4
2036,2009-11-18,27.59
2037,2009-11-17,27.6
2038,2009-11-16,27.6
2039,2009-11-13,27.45
2040,2009-11-12,27.0
2041,2009-11-11,26.72
2042,2009-11-10,26.72
2043,2009-11-09,27.13
2044,2009-11-06,26.56
2045,2009-11-05,26.25
2046,2009-11-04,26.05
2047,2009-11-03,25.47
2048,2009-11-02,25.4
2049,2009-10-30,25.55
2050,2009-10-29,25.81
2051,2009-10-28,25.81
2052,2009-10-27,26.19
2053,2009-10-26,25.94
2054,2009-10-23,26.37
2055,2009-10-22,26.44
2056,2009-10-21,26.69
2057,2009-10-20,26.34
2058,2009-10-19,26.02
2059,2009-10-16,25.87
2060,2009-10-15,25.5
2061,2009-10-14,25.56
2062,2009-10-13,25.34
2063,2009-10-12,25.24
2064,2009-10-09,25.04
2065,2009-10-08,25.13
2066,2009-10-07,24.95
2067,2009-10-06,24.97
2068,2009-10-05,24.45
2069,2009-10-02,24.09
2070,2009-10-01,24.25
2071,2009-09-30,24.32
2072,2009-09-29,24.4
2073,2009-09-28,24.38
2074,2009-09-25,24.36
2075,2009-09-24,24.55
2076,2009-09-23,24.6
2077,2009-09-22,24.57
2078,2009-09-21,24.22
2079,2009-09-18,23.73
2080,2009-09-17,23.95
2081,2009-09-16,24.35
2082,2009-09-15,23.62
2083,2009-09-14,23.42
2084,2009-09-11,23.27
2085,2009-09-10,23.33
2086,2009-09-09,23.5
2087,2009-09-08,23.34
2088,2009-09-04,23.01
2089,2009-09-03,22.91
2090,2009-09-02,23.18
2091,2009-09-01,23.12
2092,2009-08-31,23.17
2093,2009-08-28,23.09
2094,2009-08-27,23.09
2095,2009-08-26,23.0
2096,2009-08-25,22.78
2097,2009-08-24,22.65
2098,2009-08-21,22.48
2099,2009-08-20,22.35
2100,2009-08-19,22.35
2101,2009-08-18,22.32
2102,2009-08-17,22.01
2103,2009-08-14,22.31
2104,2009-08-13,22.25
2105,2009-08-12,22.36
2106,2009-08-11,22.08
2107,2009-08-10,22.35
2108,2009-08-07,22.36
2109,2009-08-06,22.6
2110,2009-08-05,22.55
2111,2009-08-04,22.35
2112,2009-08-03,22.67
2113,2009-07-31,22.4
2114,2009-07-30,22.45
2115,2009-07-29,22.45
2116,2009-07-28,22.43
2117,2009-07-27,22.37
2118,2009-07-24,22.29
2119,2009-07-23,22.14
2120,2009-07-22,22.35
2121,2009-07-21,22.42
2122,2009-07-20,22.66
2123,2009-07-17,22.46
2124,2009-07-16,22.25
2125,2009-07-15,22.02
2126,2009-07-14,21.97
2127,2009-07-13,21.91
2128,2009-07-10,22.05
2129,2009-07-09,21.9
2130,2009-07-08,21.45
2131,2009-07-07,21.56
2132,2009-07-06,21.82
2133,2009-07-02,21.6
2134,2009-07-01,21.66
2135,2009-06-30,21.5
2136,2009-06-29,21.58
2137,2009-06-26,21.18
2138,2009-06-25,20.9
2139,2009-06-24,20.66
2140,2009-06-23,20.17
2141,2009-06-22,20.68
2142,2009-06-19,20.99
2143,2009-06-18,21.09
2144,2009-06-17,20.7
2145,2009-06-16,20.89
2146,2009-06-15,21.24
2147,2009-06-12,21.48
2148,2009-06-11,21.45
2149,2009-06-10,21.8
2150,2009-06-09,21.61
2151,2009-06-08,22.01
2152,2009-06-05,22.0
2153,2009-06-04,21.6
2154,2009-06-03,21.39
2155,2009-06-02,21.74
2156,2009-06-01,21.5
2157,2009-05-29,21.19
2158,2009-05-28,21.11
2159,2009-05-27,21.09
2160,2009-05-26,21.19
2161,2009-05-22,21.49
2162,2009-05-21,21.0
2163,2009-05-20,22.0
2164,2009-05-19,23.23
2165,2009-05-18,23.25
2166,2009-05-15,23.12
2167,2009-05-14,23.04
2168,2009-05-13,22.82
2169,2009-05-12,23.2
2170,2009-05-11,23.12
2171,2009-05-08,22.81
2172,2009-05-07,22.6
2173,2009-05-06,22.36
2174,2009-05-05,22.2
2175,2009-05-04,22.15
2176,2009-05-01,22.04
2177,2009-04-30,22.33
2178,2009-04-29,22.14
2179,2009-04-28,22.13
2180,2009-04-27,22.03
2181,2009-04-24,21.98
2182,2009-04-23,21.93
2183,2009-04-22,21.86
2184,2009-04-21,21.63
2185,2009-04-20,21.2
2186,2009-04-17,21.52
2187,2009-04-16,21.39
2188,2009-04-15,22.0
2189,2009-04-14,21.76
2190,2009-04-13,21.8
2191,2009-04-09,21.95
2192,2009-04-08,22.06
2193,2009-04-07,21.59
2194,2009-04-06,22.0
2195,2009-04-03,22.0899
2196,2009-04-02,22.28
2197,2009-04-01,21.93
2198,2009-03-31,21.84
2199,2009-03-30,21.9
2200,2009-03-27,21.96
2201,2009-03-26,22.42
2202,2009-03-25,22.29
2203,2009-03-24,21.91
2204,2009-03-23,22.32
2205,2009-03-20,21.9
2206,2009-03-19,21.44
2207,2009-03-18,21.6
2208,2009-03-17,22.19
2209,2009-03-16,21.76
2210,2009-03-13,21.7
2211,2009-03-12,21.13
2212,2009-03-11,20.87
2213,2009-03-10,20.54
2214,2009-03-09,20.36
2215,2009-03-06,19.93
2216,2009-03-05,19.81
2217,2009-03-04,20.39
2218,2009-03-03,20.5
2219,2009-03-02,21.78
2220,2009-02-27,22.18
2221,2009-02-26,20.86
2222,2009-02-25,20.39
2223,2009-02-24,20.75
2224,2009-02-23,20.29
2225,2009-02-20,20.18
2226,2009-02-19,20.37
2227,2009-02-18,20.3
2228,2009-02-17,20.5
2229,2009-02-13,21.28
2230,2009-02-12,21.42
2231,2009-02-11,20.99
2232,2009-02-10,21.25
2233,2009-02-09,21.24
2234,2009-02-06,21.19
2235,2009-02-05,20.99
2236,2009-02-04,20.66
2237,2009-02-03,20.69
2238,2009-02-02,20.75
2239,2009-01-30,20.16
2240,2009-01-29,20.22
2241,2009-01-28,20.33
2242,2009-01-27,20.75
2243,2009-01-26,20.15
2244,2009-01-23,20.0
2245,2009-01-22,19.67
2246,2009-01-21,19.7
2247,2009-01-20,19.7
2248,2009-01-16,19.77
2249,2009-01-15,19.56
2250,2009-01-14,19.77
2251,2009-01-13,19.99
2252,2009-01-12,19.61
2253,2009-01-09,19.7947
2254,2009-01-08,20.09
2255,2009-01-07,20.22
2256,2009-01-06,20.78
2257,2009-01-05,20.5
2258,2009-01-02,19.8
2259,2008-12-31,19.78
2260,2008-12-30,19.78
2261,2008-12-29,19.98
2262,2008-12-26,19.61
2263,2008-12-24,19.02
2264,2008-12-23,18.68
2265,2008-12-22,19.0
2266,2008-12-19,18.79
2267,2008-12-18,19.68
2268,2008-12-17,18.66
2269,2008-12-16,19.21
2270,2008-12-15,18.8
2271,2008-12-12,18.72
2272,2008-12-11,19.42
2273,2008-12-10,19.7
2274,2008-12-09,17.8
2275,2008-12-08,18.4382
2276,2008-12-05,17.57
2277,2008-12-04,17.56
2278,2008-12-03,18.5
2279,2008-12-02,18.72
2280,2008-12-01,18.84
2281,2008-11-28,20.0
2282,2008-11-26,18.15
2283,2008-11-25,18.08
2284,2008-11-24,17.28
2285,2008-11-21,15.91
2286,2008-11-20,16.36
2287,2008-11-19,18.5
2288,2008-11-18,20.0
2289,2008-11-17,20.5
2290,2008-11-14,19.93
2291,2008-11-13,19.59
2292,2008-11-12,19.52
2293,2008-11-11,20.08
2294,2008-11-10,20.82
2295,2008-11-07,20.2
2296,2008-11-06,20.2
2297,2008-11-05,20.4
2298,2008-11-04,20.4
2299,2008-11-03,20.18
2300,2008-10-31,20.1
2301,2008-10-30,19.89
2302,2008-10-29,19.92
2303,2008-10-28,19.69
2304,2008-10-27,19.5
2305,2008-10-24,19.49
2306,2008-10-23,19.31
2307,2008-10-22,19.9
2308,2008-10-21,20.45
2309,2008-10-20,20.2
2310,2008-10-17,19.6
2311,2008-10-16,18.18
2312,2008-10-15,18.36
2313,2008-10-14,18.7
2314,2008-10-13,17.16
2315,2008-10-10,14.75
2316,2008-10-09,14.99
2317,2008-10-08,14.9
2318,2008-10-07,15.2
2319,2008-10-06,15.94
2320,2008-10-03,18.57
2321,2008-10-02,18.2
2322,2008-10-01,19.0
2323,2008-09-30,19.0
2324,2008-09-29,19.0
2325,2008-09-26,19.91
2326,2008-09-25,20.05
2327,2008-09-24,19.74
2328,2008-09-23,19.96
2329,2008-09-22,19.76
2330,2008-09-19,19.75
2331,2008-09-18,18.43
2332,2008-09-17,18.35
2333,2008-09-16,19.15
2334,2008-09-15,19.11
2335,2008-09-12,20.53
2336,2008-09-11,20.3
2337,2008-09-10,21.3
2338,2008-09-09,21.9
2339,2008-09-08,22.76
2340,2008-09-05,22.26
2341,2008-09-04,22.54
2342,2008-09-03,22.95
2343,2008-09-02,23.15
2344,2008-08-29,23.02
2345,2008-08-28,23.1
2346,2008-08-27,23.13
2347,2008-08-26,22.24
2348,2008-08-25,22.25
2349,2008-08-22,23.11
2350,2008-08-21,23.25
2351,2008-08-20,23.1
2352,2008-08-19,23.15
2353,2008-08-18,23.15
2354,2008-08-15,23.1
2355,2008-08-14,23.06
2356,2008-08-13,23.09
2357,2008-08-12,22.95
2358,2008-08-11,22.72
2359,2008-08-08,22.64
2360,2008-08-07,22.9
2361,2008-08-06,22.95
2362,2008-08-05,22.97
2363,2008-08-04,23.24
2364,2008-08-01,23.24
2365,2008-07-31,23.69
2366,2008-07-30,23.66
2367,2008-07-29,23.7
2368,2008-07-28,23.56
2369,2008-07-25,23.47
2370,2008-07-24,23.4
2371,2008-07-23,23.4
2372,2008-07-22,23.41
2373,2008-07-21,23.24
2374,2008-07-18,23.2
2375,2008-07-17,24.13
2376,2008-07-16,23.6
2377,2008-07-15,23.54
2378,2008-07-14,23.45
2379,2008-07-11,23.3
2380,2008-07-10,23.06
2381,2008-07-09,22.76
2382,2008-07-08,22.72
2383,2008-07-07,22.7
2384,2008-07-03,22.99
2385,2008-07-02,23.16
2386,2008-07-01,23.16
2387,2008-06-30,23.05
2388,2008-06-27,23.47
2389,2008-06-26,23.59
2390,2008-06-25,23.8
2391,2008-06-24,23.7
2392,2008-06-23,23.7
2393,2008-06-20,23.1
2394,2008-06-19,23.99
2395,2008-06-18,24.2
2396,2008-06-17,24.2999
2397,2008-06-16,24.4
2398,2008-06-13,24.76
2399,2008-06-12,24.5
2400,2008-06-11,24.8
2401,2008-06-10,24.64
2402,2008-06-09,24.8
2403,2008-06-06,24.58
2404,2008-06-05,25.52
2405,2008-06-04,25.39
2406,2008-06-03,25.59
2407,2008-06-02,25.18
2408,2008-05-30,24.75
2409,2008-05-29,24.54
2410,2008-05-28,24.18
2411,2008-05-27,24.1
2412,2008-05-23,24.61
2413,2008-05-22,24.6
2414,2008-05-21,24.92
2415,2008-05-20,24.95
2416,2008-05-19,24.94
2417,2008-05-16,24.99
2418,2008-05-15,25.1901
2419,2008-05-14,25.12
2420,2008-05-13,24.7
2421,2008-05-12,24.69
2422,2008-05-09,24.22
2423,2008-05-08,23.8
2424,2008-05-07,23.8
2425,2008-05-06,24.17
2426,2008-05-05,23.98
2427,2008-05-02,24.1
2428,2008-05-01,24.02
2429,2008-04-30,24.37
2430,2008-04-29,24.51
2431,2008-04-28,24.11
2432,2008-04-25,24.1
2433,2008-04-24,24.16
2434,2008-04-23,24.21
2435,2008-04-22,24.46
2436,2008-04-21,24.57
2437,2008-04-18,24.5
2438,2008-04-17,24.13
2439,2008-04-16,24.0
2440,2008-04-15,23.81
2441,2008-04-14,24.03
2442,2008-04-11,24.33
2443,2008-04-10,24.53
2444,2008-04-09,24.3
2445,2008-04-08,24.71
2446,2008-04-07,24.56
2447,2008-04-04,24.47
2448,2008-04-03,24.16
2449,2008-04-02,24.12
2450,2008-04-01,24.3
2451,2008-03-31,24.24
2452,2008-03-28,23.93
2453,2008-03-27,24.0
2454,2008-03-26,24.14
2455,2008-03-25,23.99
2456,2008-03-24,23.5
2457,2008-03-20,23.38
2458,2008-03-19,22.64
2459,2008-03-18,22.58
2460,2008-03-17,22.46
2461,2008-03-14,23.55
2462,2008-03-13,24.25
2463,2008-03-12,24.61
2464,2008-03-11,24.41
2465,2008-03-10,24.68
2466,2008-03-07,24.71
2467,2008-03-06,24.77
2468,2008-03-05,24.86
2469,2008-03-04,24.68
2470,2008-03-03,24.42
2471,2008-02-29,24.7
2472,2008-02-28,24.77
2473,2008-02-27,24.48
2474,2008-02-26,25.0
2475,2008-02-25,24.86
2476,2008-02-22,25.04
2477,2008-02-21,24.76
2478,2008-02-20,25.67
2479,2008-02-19,25.38
2480,2008-02-15,25.12
2481,2008-02-14,25.37
2482,2008-02-13,25.55
2483,2008-02-12,25.4
2484,2008-02-11,25.4
2485,2008-02-08,25.12
2486,2008-02-07,24.89
2487,2008-02-06,25.0
2488,2008-02-05,25.06
2489,2008-02-04,24.43
2490,2008-02-01,23.64
2491,2008-01-31,23.75
2492,2008-01-30,23.94
2493,2008-01-29,24.25
2494,2008-01-28,23.99
2495,2008-01-25,23.57
2496,2008-01-24,22.75
2497,2008-01-23,22.94
2498,2008-01-22,23.9
2499,2008-01-18,23.43
2500,2008-01-17,23.69
2501,2008-01-16,23.5
2502,2008-01-15,24.35
2503,2008-01-14,24.61
2504,2008-01-11,24.85
2505,2008-01-10,25.03
2506,2008-01-09,25.36
2507,2008-01-08,25.42
2508,2008-01-07,25.29
2509,2008-01-04,25.41
2510,2008-01-03,25.4
2511,2008-01-02,24.3
2512,2007-12-31,23.96
2513,2007-12-28,24.1
2514,2007-12-27,24.34
2515,2007-12-26,24.73
2516,2007-12-24,24.45
2517,2007-12-21,24.13
2518,2007-12-20,24.25
2519,2007-12-19,24.22
2520,2007-12-18,24.15
2521,2007-12-17,24.47
2522,2007-12-14,24.44
2523,2007-12-13,24.27
2524,2007-12-12,24.71
2525,2007-12-11,24.7
2526,2007-12-10,24.96
2527,2007-12-07,24.5
2528,2007-12-06,24.77
2529,2007-12-05,24.59
2530,2007-12-04,24.4
2531,2007-12-03,25.1
2532,2007-11-30,25.07
2533,2007-11-29,25.0
2534,2007-11-28,25.25
2535,2007-11-27,25.43
2536,2007-11-26,25.45
2537,2007-11-23,25.18
2538,2007-11-21,25.0701
2539,2007-11-20,25.12
2540,2007-11-19,25.1
2541,2007-11-16,25.01
2542,2007-11-15,25.22
2543,2007-11-14,25.05
2544,2007-11-13,25.0
2545,2007-11-12,25.0
2546,2007-11-09,25.0
2547,2007-11-08,24.95
2548,2007-11-07,25.5
2549,2007-11-06,25.76
2550,2007-11-05,25.26
2551,2007-11-02,25.71
2552,2007-11-01,25.67
2553,2007-10-31,25.65
2554,2007-10-30,25.46
2555,2007-10-29,25.35
2556,2007-10-26,25.91
2557,2007-10-25,25.91
2558,2007-10-24,26.0
2559,2007-10-23,25.52
2560,2007-10-22,25.45
2561,2007-10-19,25.87
2562,2007-10-18,26.14
2563,2007-10-17,26.01
2564,2007-10-16,25.82
2565,2007-10-15,26.11
2566,2007-10-12,26.05
2567,2007-10-11,25.96
2568,2007-10-10,25.81
2569,2007-10-09,25.49
2570,2007-10-08,25.29
2571,2007-10-05,25.12
2572,2007-10-04,24.8
2573,2007-10-03,24.62
2574,2007-10-02,24.76
2575,2007-10-01,25.65
2576,2007-09-28,26.26
2577,2007-09-27,26.28
2578,2007-09-26,26.5501
2579,2007-09-25,26.93
2580,2007-09-24,27.43
2581,2007-09-21,27.7
2582,2007-09-20,27.69
2583,2007-09-19,26.99
2584,2007-09-18,27.0
2585,2007-09-17,26.52
2586,2007-09-14,27.24
2587,2007-09-13,27.64
2588,2007-09-12,27.722
2589,2007-09-11,27.74
2590,2007-09-10,27.2
2591,2007-09-07,27.22
2592,2007-09-06,27.35
2593,2007-09-05,27.0
2594,2007-09-04,27.0
2595,2007-08-31,26.49
2596,2007-08-30,26.2
2597,2007-08-29,26.58
2598,2007-08-28,26.3
2599,2007-08-27,27.05
2600,2007-08-24,26.92
2601,2007-08-23,27.04
2602,2007-08-22,26.76
2603,2007-08-21,26.75
2604,2007-08-20,26.84
2605,2007-08-17,27.0
2606,2007-08-16,25.86
2607,2007-08-15,26.95
2608,2007-08-14,27.3
2609,2007-08-13,27.69
2610,2007-08-10,26.98
2611,2007-08-09,27.29
2612,2007-08-08,27.87
2613,2007-08-07,28.14
2614,2007-08-06,27.2
2615,2007-08-03,28.12
2616,2007-08-02,28.32
2617,2007-08-01,28.72
2618,2007-07-31,29.4
2619,2007-07-30,29.0
2620,2007-07-27,28.94
2621,2007-07-26,29.45
